#,Song,Artist,Popularity,BPM,Genres,Parent Genres,Album,Album Date,Time,Dance,Energy,Acoustic,Instrumental,Happy,Speech,Live,Loud (Db),Key,Time Signature,Added At,Spotify Track Id,Album Label,Camelot,ISRC
1,"Like Slow Disappearing - alternative","Turnover",24,124,"midwest emo, dream pop, pop punk","Pop, Rock","Peripheral Vision (10 Year Anniversary Deluxe Edition)",2025-05-02,03:55,59,79,0,89,52,0,10,-5,F,4,2025-10-05,2AQYWnBBCSvVBIzH4TX1rQ,"Run For Cover Records",7B,QMCE72512215
2,"Take My Head - alternative","Turnover",26,163,"midwest emo, dream pop, pop punk","Pop, Rock","Peripheral Vision (10 Year Anniversary Deluxe Edition)",2025-05-02,03:31,30,98,0,72,23,10,30,-4,B minor,4,2025-10-05,13nlDYskhd7cvWEetVySiq,"Run For Cover Records",10A,QMCE72512216
3,"Bonnie (Rhythm & Melody)","Turnover",35,110,"midwest emo, dream pop, pop punk","Pop, Rock","Good Nature",2017-08-25,05:07,61,65,1,1,39,0,10,-8,A,4,2025-10-05,1Q9cFN2AEvY06Z7tHs2uMa,"Run For Cover Records",11B,QMCE71301456
4,"Bonnie (Rhythm & Melody)","Turnover",35,110,"midwest emo, dream pop, pop punk","Pop, Rock","Good Nature",2017-08-25,05:07,61,65,1,1,39,0,10,-8,A,4,2025-10-05,1Q9cFN2AEvY06Z7tHs2uMa,"Run For Cover Records",11B,QMCE71301456
5,"Diazepam - alternative","Turnover",27,110,"midwest emo, dream pop, pop punk","Pop, Rock","Peripheral Vision (10 Year Anniversary Deluxe Edition)",2025-05-02,03:34,56,82,4,41,30,0,10,-6,G,4,2025-10-05,4Vt1rWd8mcdp78o6WU49QD,"Run For Cover Records",9B,QMCE72512214
6,"Like Slow Disappearing - alternative","Turnover",24,124,"midwest emo, dream pop, pop punk","Pop, Rock","Peripheral Vision (10 Year Anniversary Deluxe Edition)",2025-05-02,03:55,59,79,0,89,52,0,10,-5,F,4,2025-10-05,2AQYWnBBCSvVBIzH4TX1rQ,"Run For Cover Records",7B,QMCE72512215
7,"Humming - alternative","Turnover",29,155,"midwest emo, dream pop, pop punk","Pop, Rock","Peripheral Vision (10 Year Anniversary Deluxe Edition)",2025-05-02,03:59,38,89,0,53,28,0,10,-4,F,4,2025-10-05,26iim5MihLB3rgnoR0xRzK,"Run For Cover Records",7B,QMCE72512213
8,"Square Hammer","Ghost",65,130,"metal, hard rock","Rock, Metal","Meliora (Deluxe Edition)",2016-09-16,03:59,53,90,0,18,75,0,20,-4,D minor,4,2025-10-05,2XgTw2co6xv95TmKpMcL70,"Loma Vista",7A,USC4R1601984
9,"All That I've Got","The Used",58,178,"emo, screamo, post-hardcore, pop punk","Rock, Pop, Metal","In Love and Death",2004-09-27,03:50,34,86,0,0,45,0,10,-5,G,4,2025-10-05,6IxQ0PdozaZKch1m8tGCwb,"Reprise",9B,USRE10400951
10,"Bullet With Butterfly Wings - Remastered 2012","The Smashing Pumpkins",59,122,"alternative rock, rock","Rock","Mellon Collie And The Infinite Sadness (Remastered)",1995-12-12,04:18,40,72,0,84,48,0,0,-9,A#/B♭ minor,4,2025-10-05,4qMzPtAZe0C9KWpWIzvZAP,"Virgin Records",3A,USVI21200897
11,"Los Angeles Is Burning","Bad Religion",52,163,"punk, skate punk, hardcore punk, melodic hardcore, ska punk","Rock, Reggae","The Empire Strikes First",2004-00-00,03:23,42,96,0,0,64,0,10,-3,C,4,2025-10-05,0biGKHOtNVGM14sRSztyKq,"Epitaph",8B,USEP40407106
12,"Don't Stop Me Now - Remastered 2011","Queen",74,156,"classic rock, rock, glam rock","Rock","Jazz (Deluxe Remastered Version)",1978-11-10,03:29,56,87,5,0,60,10,70,-5,F,4,2025-10-05,7hQJA50XrCWABAu5v6QZ4i,"Hollywood Records",7B,GBUM71029610
13,"Dead On Time - Remastered 2011","Queen",29,144,"classic rock, rock, glam rock","Rock","Jazz (Deluxe Remastered Version)",1978-11-10,03:23,31,96,1,0,41,20,20,-5,B minor,4,2025-10-05,1mW0eYPzc4Gj2I0eMpdrLx,"Hollywood Records",10A,GBUM71103313
14,"toxic till the end","ROSÉ",80,167,"k-pop","Pop","rosie",2024-12-06,02:36,41,60,5,0,30,10,10,-6,G,4,2025-10-05,1z5ebC9238uGoBgzYyvGpQ,"Atlantic Records",9B,USAT22409170
15,"Sexy to Someone","Clairo",73,98,"bedroom pop","Pop","Charm",2024-07-12,03:27,72,55,35,0,83,0,10,-7,C minor,4,2025-10-05,3awweDjWIuXNMogMClJnvE,"Clairo",5A,USA2P2416224
16,"You in January","The Wonder Years",39,96,"pop punk, emo, midwest emo","Rock, Pop","No Closer To Heaven",2015-09-04,03:14,51,70,5,0,23,0,10,-5,D,4,2025-10-05,4zDAD7sXdU3mcdY1nCRgXT,"Hopeless Records",10B,USHR21566011
17,"Half a Mile Away","Billy Joel",40,142,"soft rock","Rock","52nd Street",1978-10-13,04:08,58,54,14,0,91,0,10,-15,G minor,4,2025-10-05,09datZkY6pysFP4lE0bo3M,"Columbia",6A,USSM17800452
18,"Half-Truism","The Offspring",62,144,"punk, skate punk","Rock","Rise And Fall, Rage And Grace",2008-06-17,03:25,43,92,0,0,40,0,0,-4,G,4,2025-10-05,7xm8RWCCBYvEVx1VyErDa3,"Concord Records",9B,USSM10801603
19,"Hanging On The Telephone","Blondie",50,152,"","","Parallel Lines",1978-09-23,02:25,48,90,1,0,49,0,20,-5,G#/A♭,4,2025-10-05,62H036AjK703qvKZBLopzV,"Chrysalis\EMI Records (USA)",4B,USCH38500013
20,"Wish You Were Here","Pink Floyd",82,123,"progressive rock, psychedelic rock, classic rock, art rock, rock","Rock","Wish You Were Here",1975-09-12,05:34,48,26,74,1,38,0,80,-16,G,4,2025-10-05,6mFkJmJqdDVQ1REhVfGgd1,"Pink Floyd Records",9B,GBN9Y1100088
21,"She's the Prettiest Girl at the Party, and She Can Prove It with a Solid Right Hook","Frank Iero",0,120,"emo","Rock","Stomachaches",2014-08-21,03:36,40,90,0,57,24,0,30,-4,C,4,2025-10-05,33QUPsMD9blH3tUBBRxeSr,"Vagrant Records",8B,USVR91422404
22,"Luna - 2011 Remaster","The Smashing Pumpkins",70,126,"alternative rock, rock","Rock","Siamese Dream (Deluxe Edition)",1993-00-00,03:22,57,27,1,79,11,0,10,-14,A,4,2025-10-05,5Q6Xzp25aXYxNJ4B6vBkcf,"Virgin Records",11B,USVI21100158
23,"Jealousy - Remastered 2011","Queen",20,81,"classic rock, rock, glam rock","Rock","Jazz",1978-11-10,03:13,58,48,21,0,21,0,20,-10,D#/E♭,4,2025-10-05,2zEr0bUKXugsiB3LHWILt1,"Hollywood Records",5B,GBUM71103320
24,"In Only Seven Days - Remastered 2011","Queen",17,115,"classic rock, rock, glam rock","Rock","Jazz",1978-11-10,02:29,52,47,42,0,43,0,10,-7,D,4,2025-10-05,2kpstT8GrWg1d0UkAlccl3,"Hollywood Records",10B,GBUM71103319
25,"Dreamer's Ball - Remastered 2011","Queen",19,92,"classic rock, rock, glam rock","Rock","Jazz",1978-11-10,03:30,59,37,83,0,40,0,40,-8,A,4,2025-10-05,2yawuHbPvWcyrmgJeByxt2,"Hollywood Records",11B,GBUM71103314
26,"Round And Round","Aerosmith",36,142,"classic rock, rock","Rock","Toys In The Attic",1975-04-08,05:03,35,62,3,2,40,0,60,-11,A,4,2025-10-05,1u50Imus5qrvYl4xTLXq5p,"Aerosmith P&D - Sony",11B,USSM19906484
27,"Cherry Bomb","The Runaways",67,137,"riot grrrl, proto-punk","Rock","The Runaways",1976-00-00,02:18,50,81,5,0,50,0,10,-8,B,4,2025-10-05,7cdnq45E9aP2XDStHg5vd7,"Island Def Jam",1B,USIR20200576
28,"You Make Loving Fun - 2004 Remaster","Fleetwood Mac",74,127,"classic rock, yacht rock, soft rock","Rock, Pop","Rumours",1977-02-04,03:33,63,59,1,4,86,0,0,-9,G minor,4,2025-10-05,28H3wOEKsaEa8NBEYCLl4j,"Rhino/Warner Records",6A,USWB10400054
29,"Rhiannon - 2017 Remaster","Fleetwood Mac",51,130,"classic rock, yacht rock, soft rock","Rock, Pop","Fleetwood Mac (2017 Remaster)",1975-07-11,04:10,73,60,22,14,80,0,10,-10,A minor,4,2025-10-05,3kZUnG3jVpgwh3TQFdTv18,"Rhino/Warner Records",8A,USRH11700074
30,"The Winner Takes It All","ABBA",84,126,"","","Super Trouper",1980-00-00,04:54,45,79,57,0,52,0,0,-7,F#/G♭,4,2025-10-05,3oEkrIfXfSh9zGnE7eBzSV,"Polar Music International AB",2B,SEAYD8001020
31,"There It Goes","Maisie Peters",59,123,"","","The Good Witch",2023-06-23,03:45,62,79,15,0,38,10,20,-6,D,4,2025-10-05,7cqlE9HPKAPpszcj5qlsqc,"Atlantic Records UK",10B,GBAHS2300121
32,"Delicious Things","Wolf Alice",43,121,"indie","Pop, Rock","Blue Weekend",2021-06-04,05:04,49,50,15,6,29,0,20,-6,D,4,2025-10-05,0f1bOH82cQvNNZBmmkKv4d,"Dirty Hit/RCA Records",10B,GBK3W2001629
33,"A Matter Of Time","The Killers",36,142,"alternative rock","Rock","Battle Born",2012-09-17,04:11,34,92,0,18,22,0,10,-5,B minor,4,2025-10-05,6LYNOWzGwVZmi64kwtWLx7,"Island Records",10A,USUM71208808
34,"Deadlines And Commitments","The Killers",38,105,"alternative rock","Rock","Battle Born",2012-09-17,04:22,68,72,7,0,43,0,20,-6,G#/A♭,4,2025-10-05,5qvMfYPAXfxQWDTcSS1YZe,"Island Records",4B,USUM71208821
35,"Speaking With A Ghost","Citizen",44,92,"midwest emo, pop punk, emo, post-hardcore","Rock, Pop","Youth",2013-06-30,03:22,44,80,0,82,24,0,10,-5,C minor,4,2025-10-05,448qVQiHsLPkqJ1WDgsq6O,"Run For Cover Records",5A,USQU71308807
36,"All of My Thoughts","Spiritualized",31,108,"neo-psychedelic, space rock, shoegaze, dream pop","Pop, Rock","Ladies and gentlemen we are floating in space",1997-06-16,04:36,21,37,2,8,16,0,20,-8,G,3,2025-10-05,3IwLbpcJuoFBdqod2XwDZa,"Fat Possum",9B,GBARK9700155
37,"Stay with Me","Spiritualized",33,130,"neo-psychedelic, space rock, shoegaze, dream pop","Pop, Rock","Ladies and gentlemen we are floating in space",1997-06-16,05:08,41,29,1,94,6,0,10,-12,B,5,2025-10-05,6DBsox9g6jOsWerFwrK7Gx,"Fat Possum",1B,GBARK9700156
38,"Normal Thing","Gracie Abrams",55,136,"","","The Secret of Us",2024-06-21,04:02,47,57,79,0,39,10,20,-10,B,4,2025-10-05,1MPulKrmSK9EW5IrawhdRs,"Gracie Abrams, under exclusive license to Interscope Records",1B,USUG12401772
39,"Me and Your Mama","Childish Gambino",5,118,"",""," Awaken, My Love! ",2016-12-02,06:19,55,44,1,3,24,0,0,-12,F,3,2025-10-05,4AFsRbaLKRWo3dDtjDFA2V,"Glassnote Entertainment Group LLC",7B,USYAH1600102
40,"Ode to a Conversation Stuck in Your Throat","Del Water Gap",69,88,"","","Del Water Gap",2021-10-08,03:19,57,80,6,0,62,0,10,-7,B,4,2025-10-05,51Lf3l6wx008NdBxCQnD6B,"Mom+Pop",1B,USAT22002240
41,"D>E>A>T>H>M>E>T>A>L","Panchiko",71,87,"shoegaze","Rock","D>E>A>T>H>M>E>T>A>L",2000-12-05,04:21,26,80,82,52,26,0,10,-7,F minor,4,2025-10-05,4sIFi8LpJWPvI5xviWFyA6,"Panchiko",4A,GBEF30000001
42,"Pancakes for Dinner","Lizzy McAlpine",61,142,"","","Give Me A Minute",2020-08-13,03:55,75,27,76,0,32,0,10,-11,B,4,2025-10-05,1WThEmIxSyaqG6fVsyCmcL,"Lizzy McAlpine",1B,GBKPL2001719
43,"Warm Foothills","alt-J",46,93,"indie, indie rock","Pop, Rock","This Is All Yours",2014-09-22,03:45,27,21,91,10,7,0,10,-16,D,4,2025-10-05,1YUcTZ0ehoHY6G6Prhcbj0,"Canvasback/ATL",10B,GBZUZ1400279
44,"Under the Mountain II","Mermaidens",4,140,"","","Undergrowth",2016-03-18,04:41,39,55,0,1,22,0,40,-9,G,4,2025-10-05,5zdoIsPM2BvPHDDHzsMtG1,"Flying Out",9B,NZFY01600101
45,"We're Going to Be Friends","The White Stripes",69,97,"garage rock, blues rock, rock, alternative rock","Rock, Blues","White Blood Cells",2001-07-03,02:20,53,44,66,0,44,0,0,-6,G,4,2025-10-05,13lZDbwonGhOflQLQIfdtZ,"Legacy Recordings",9B,GBBKS0100357
46,"Eleanor Rigby","Cody Fry",57,129,"","","Symphony Sessions",2022-01-21,04:40,32,24,70,0,21,0,10,-11,E minor,4,2025-10-05,0Dza4b9cnbssw47fu5rfVX,"Cody Fry/Decca US Records",9A,QZMEN2110571
47,"In The Next Life","Kim Petras",37,113,"","","TURN OFF THE LIGHT",2020-10-23,03:44,69,66,1,0,4,0,10,-7,A minor,4,2025-10-05,7ztm5wVc2zVIlotmUHLq7M,"Republic Records",8A,GBWWP1804366
48,"The Summer Ends","American Football",56,166,"midwest emo, math rock, emo","Rock","American Football",1999-09-14,04:46,38,42,39,4,12,0,10,-10,E,1,2025-10-05,7cpfn7H6WjSJseUyRacfUE,"Polyvinyl Records",12B,US3R49900011
49,"Autumn Almanac","The Kinks",0,119,"proto-punk, baroque pop","Classical, Pop, Rock","Something Else (Deluxe)",1967-09-15,03:03,67,56,48,0,63,0,10,-7,A,4,2025-10-05,3mI7yXr0F6nKCS0eag4DPI,"Castle Communications",11B,GBAJE6700007
50,"October Skies","Mumford & Sons",0,78,"folk, indie folk, folk rock","Folk, Rock","Delta",2018-11-16,03:43,55,16,83,2,4,0,0,-16,C,4,2025-10-05,77GRxATpswGNnEJIFvSrHr,"Glassnote Entertainment Group LLC",8B,GBUM71806307
51,"Ohio Is For Lovers","Hawthorne Heights",66,170,"emo, screamo, post-hardcore, pop punk","Rock, Pop, Metal","The Silence In Black And White (Re-Issue)",2004-06-08,04:04,57,84,4,0,61,0,20,-7,G#/A♭ minor,4,2025-10-05,23DHUWJ7iEieNPMPKvjzBV,"Victory Records",1A,USVIC0525008
52,"Time Warp","Little Nell, Patricia Quinn, Richard O'Brien",62,175,"","","The Rocky Horror Picture Show - Original Soundtrack",1975-01-10,03:19,39,67,14,0,54,20,0,-11,C♯/D♭ minor,4,2025-10-05,4WFeJTXNHIS2wURtwlAkhu,"Ode Sounds & Visuals",12A,USA560853992
53,"End of an Era","Summer Wars",39,165,"pop punk, acoustic pop","Folk, Pop, Rock","End of an Era",2017-09-05,03:13,37,96,1,0,40,10,0,-5,G#/A♭,4,2025-10-05,3NKAMwsZhXxUkdKSpwQLnR,"Adventure Cat Records",4B,TCADG1716868
54,"no body, no crime (feat. HAIM)","Taylor Swift, HAIM",62,79,"","","evermore",2020-12-11,03:35,55,61,42,0,54,0,10,-8,G minor,4,2025-10-05,3RaT22zZsxVYxxKR7TAaYF,"Taylor Swift",6A,USUG12004707
55,"this is what autumn feels like","JVKE",69,79,"","","this is what autumn feels like",2023-09-12,03:39,24,44,91,43,16,0,10,-7,D#/E♭,4,2025-10-05,2YOGCTiPJWMhZRdeadFj8G,"JVKE",5B,QMDA72396962
56,"Tokyo","Prey Drive",17,81,"","","Once More with Feeling",2018-11-09,04:07,47,93,0,0,29,0,20,-4,G#/A♭,4,2025-10-05,6tLB1vGo269pvIpvFrdhoL,"Krod Records",4B,ESA011816940
57,"Bling (Confession Of A King)","The Killers",47,113,"alternative rock","Rock","Sam's Town",2006-09-27,04:08,53,93,0,26,38,0,10,-4,B minor,4,2025-10-05,1Rr17slUHwVRkDz4A2TUcM,"Island Records",10A,USUM70605408
58,"Rats","Ghost",60,124,"metal, hard rock","Rock, Metal","Prequelle",2018-06-01,04:21,52,94,0,53,24,0,10,-6,D minor,4,2025-10-05,4u39IY2QjY1utpNCCF4is0,"Loma Vista",7A,USC4R1802351
59,"The Blonde","TV Girl",79,88,"","","French Exit",2014-06-05,03:47,50,55,23,91,23,0,20,-8,C♯/D♭ minor,4,2025-10-05,72cGBEqu7RitIOoACXYjfR,"TV Girl",12A,USHM21438141
60,"Uncle Jonny","The Killers",45,174,"alternative rock","Rock","Sam's Town",2006-09-27,04:25,26,91,0,26,38,0,40,-3,A#/B♭ minor,4,2025-10-05,62XRqyhZP1vYNoD7WMTtiW,"Island Records",3A,USUM70605425
61,"Black Sheep","Metric",64,124,"","","Black Sheep",2010-08-10,04:57,51,65,0,0,14,0,10,-6,B minor,4,2025-10-05,72hSmnleYTiiOo23q8ZJIS,"MMI Inc.",10A,CARB70905801
62,"Losing Grip","Avril Lavigne",61,158,"","","Let Go",2002-06-04,03:53,53,89,0,0,58,10,0,-5,G#/A♭ minor,4,2025-10-05,2LA4v20vokK9Uaj7WEEMaf,"Arista",1A,USAR10200222
63,"Sowing Season (Yeah)","Brand New",50,114,"emo, pop punk, post-hardcore","Rock, Pop","The Devil And God Are Raging Inside Me",2006-01-01,04:30,48,70,1,9,20,0,20,-4,E minor,3,2025-10-05,5CyzIHM2IRSLz2Ke9hWwjz,"Dreamworks Brand New",9A,USUM70615373
64,"Luciferian Blues","Matt Skiba and the Sekrets",28,99,"","","Babylon",2012-07-31,02:59,43,98,0,1,54,0,20,-3,G,3,2025-10-05,0MTi9KjetuKpCZ6WqgFCwW,"Superball Music",9B,US4E41258303
65,"The March Of The Black Queen - Remastered 2011","Queen",27,113,"classic rock, rock, glam rock","Rock","Queen II",1974-03-08,06:32,33,69,9,0,14,0,60,-8,A minor,4,2025-10-05,3meWD39fJLCiIFKV6TFzSL,"Hollywood Records",8A,GBUM71100511
66,"Nightmares on Repeat","Emily Jane White",26,80,"indie folk","Folk, Rock","They Moved In Shadow All Together",2016-07-08,04:39,33,47,76,83,12,0,10,-11,C♯/D♭ minor,4,2025-10-05,5j86pOXbQwoJUmTJj3xiUc,"TALITRES",12A,FR59Y1500039
67,"Duvet","bôa",84,93,"","","Twilight",2001-03-21,03:23,58,89,19,0,71,0,0,-9,B minor,4,2025-10-05,42qNWdLKCI41S4uzfamhFM,"Nettwerk Music Group",10A,USCGJ0659337
68,"You Oughta Know","Alanis Morissette",60,105,"","","Jagged Little Pill",1995-06-09,04:09,66,83,20,0,43,0,70,-8,E,4,2025-10-05,0Dw9z44gXhplDh5HCWZIxP,"Maverick",12B,USMV29900091
69,"Father To Son - Remastered 2011","Queen",25,147,"classic rock, rock, glam rock","Rock","Queen II",1974-03-08,06:13,17,65,21,0,22,0,10,-11,C,4,2025-10-05,4e0NCSORypaMTdbG5LFhGD,"Hollywood Records",8B,GBUM71100499
70,"Laika","Boston Manor",0,90,"pop punk","Pop, Rock","Be Nothing.",2016-09-30,03:17,50,90,0,0,57,0,40,-5,G#/A♭,4,2025-10-05,78BbIbE1ZaFTk1gmYJEhiD,"Pure Noise Records",4B,USSTT1600061
71,"Nowhere Generation","Rise Against",45,166,"punk, hardcore punk","Rock","Nowhere Generation",2021-06-04,03:52,37,94,0,0,38,10,40,-4,B,4,2025-10-05,3j7V0K2tn1IJF1Yciu91Gv,"Loma Vista Recordings",1B,USC4R2003951
72,"Born Cold","Creeper",29,132,"horror punk","Metal, Rock","Sex, Death & The Infinite Void",2020-07-31,02:57,53,90,0,0,52,0,10,-5,C,4,2025-10-05,6P5SEgAkkHCqN6mYnAI7kc,"Roadrunner Records",8B,GBAHT1901118
73,"Drown In My Mind","Story Untold",48,135,"pop punk","Pop, Rock","Waves",2018-02-02,03:00,54,83,5,0,45,0,10,-6,G,4,2025-10-05,7w0gu9n8vp3sE0xZFCxcFu,"Hopeless Records",9B,USHR21710603
74,"All Apologies","Nirvana",75,113,"grunge, rock","Rock","In Utero",1993-09-21,03:53,45,63,8,0,36,0,0,-12,C♯/D♭,4,2025-10-05,1Ic9pKxGSJGM0LKeqf6lGe,"Geffen",3B,USGF19960712
75,"Landslide","Fleetwood Mac",83,159,"classic rock, yacht rock, soft rock","Rock, Pop","Fleetwood Mac",1975-07-11,03:19,41,16,88,0,42,0,10,-22,G minor,4,2025-10-05,5ihS6UUlyQAfmp48eSkxuQ,"Warner Records",6A,USWB19903197
76,"Sweetness","Jimmy Eat World",69,135,"emo, pop punk","Rock, Pop","Bleed American",2001-07-17,03:40,49,90,0,0,60,0,20,-4,F,4,2025-10-05,429IbFR4yp2J81CeTwF5iY,"Interscope",7B,USDW10110258
77,"PARADOX","MY FIRST STORY",36,130,"j-rock, j-pop, anime","Pop, Rock","PARADOX",2021-12-17,03:24,57,78,4,0,51,0,10,-5,G minor,4,2025-10-05,6V6ED9h3ps0gzcClRMxSKu,"INTACT RECORDS",6A,JPW462122161
78,"Body Paint","Arctic Monkeys",57,143,"indie, garage rock","Rock, Pop","The Car",2022-10-21,04:50,56,32,57,0,26,0,0,-12,G minor,4,2025-10-05,42GuKw49pPxNAkIhWGwgFs,"Domino Recording Co",6A,GBCEL2200516
79,"Come Over (Again)","Crawlers",57,93,"","","Crawlers - EP",2021-10-29,04:14,50,71,0,0,24,0,0,-8,D,4,2025-10-05,4PDJDIdWxNN1AlnbrKkoPf,"Lab Records",10B,GB8MX2100935
80,"Dear Maria, Count Me In - Japanese Version","Sunrise Skater Kids",40,90,"pop punk","Pop, Rock","Dear Maria, Count Me In (Japanese Version)",2021-11-19,03:02,55,90,0,0,63,0,20,-4,D,4,2025-10-05,0cQsu2wHTZmM5kHCjB8Yy6,"Chodezilla Records",10B,QZNWY2162103
81,"Falling to Pieces","Junior Doctor",0,120,"","","Clumsy Words and Bad Pickup Lines",2012-01-01,04:45,53,79,2,0,29,0,20,-5,D#/E♭,4,2025-10-05,6nzbXDHLOJjl121zYgEXW0,"Toucan Cove Entertainment",5B,US2G41200012
82,"How Do I Make You Love Me?","The Weeknd",67,121,"","","Dawn FM",2022-01-06,03:34,81,50,2,0,64,0,0,-8,G minor,4,2025-10-05,2Ghp894n1laIf2w98VeAOJ,"XO / Republic Records",6A,USUG12106683
83,"The Fisherman's Song (We All Need Love)","Mae",0,166,"christian alternative rock, emo","Christian, Rock","(m) (a) (e)",2017-02-14,08:21,44,90,1,0,30,0,10,-4,D#/E♭,4,2025-10-05,7f6rdylkaW1ki9gA0LfFON,"Tooth & Nail Records",5B,USTN10900673
84,"Steady, As She Goes","The Raconteurs",65,124,"garage rock, alternative rock","Rock","Broken Boy Soldiers",2006-05-15,03:35,53,58,1,1,54,10,10,-5,A,4,2025-10-05,4xlEKYv7HmC8zXoJIbpZKM,"Legacy Recordings",11B,USVT10600052
85,"I Just Threw Out The Love Of My Dreams","Weezer",71,130,"alternative rock","Rock","Pinkerton - Deluxe Edition",1996-09-24,02:37,41,97,0,0,28,10,10,-4,F#/G♭ minor,4,2025-10-05,35SRuRfp5BvD1yArmXKNHO,"Geffen",11A,USUM71021458
86,"What Happens After You?","Weezer",30,123,"alternative rock","Rock","SZNZ: Autumn",2022-09-22,03:19,65,61,1,0,54,0,30,-8,G minor,4,2025-10-05,5x7Ffxc1Obg13x5IzM1XXV,"Crush Music/Atlantic",6A,USAT22214224
87,"Pink Triangle","Weezer",64,119,"alternative rock","Rock","Pinkerton",1996-09-24,03:58,28,89,1,0,47,0,30,-5,F#/G♭,4,2025-10-05,6qQGxKyy6LcyZVsWn93lyS,"DGC",2B,USGF19600708
88,"My Famed Disappearing Act","Thank You Scientist",0,170,"progressive metal, progressive rock, math rock, djent, jazz fusion","Metal, Electronic, Jazz, Rock","Maps of Non-Existent Places",2014-09-30,05:43,39,92,1,0,43,0,30,-3,G#/A♭,4,2025-10-05,3UKANPBT62yO4J381vCe9R,"Evil Ink Records",4B,QMMTR1400050
89,"Lake Effect Kid","Fall Out Boy",41,142,"emo, pop punk","Rock, Pop","Lake Effect Kid",2018-08-23,03:40,57,95,1,0,66,0,30,-2,F,4,2025-10-05,0UvVZwaKrd4JRXS03D59p0,"Island Records",7B,USUM71812260
90," From Now On We Are Enemies ","Fall Out Boy",44,160,"emo, pop punk","Rock, Pop","Believers Never Die - Greatest Hits",2009-01-01,03:36,46,97,0,0,36,20,0,-4,G,4,2025-10-05,2hC4LPebn0xctVGsVPOwJX,"Island Records",9B,USUM70903534
91,"Operator Error","We Are Scientists",15,150,"indie rock","Rock","Lobes",2023-01-20,02:36,51,84,0,0,69,0,0,-4,G minor,4,2025-10-05,53wcqwMmmWJFlCAhyQA9IP,"Masterswan Recordings",6A,GB2YG2200018
92,"Human Resources","We Are Scientists",12,136,"indie rock","Rock","Lobes",2023-01-20,03:59,53,88,1,0,60,10,10,-4,G#/A♭,4,2025-10-05,6lSjEhHATVoutLzwFgmDIa,"Masterswan Recordings",4B,GB2YG2200020
93,"Rabbit Heart (Raise It Up)","Florence + The Machine",26,117,"baroque pop","Classical, Pop","Lungs",2009-01-01,03:52,63,87,7,0,44,0,20,-3,A minor,4,2025-10-05,49B24HYYfECzzbJzCTAkpa,"Universal-Island Records Ltd.",8A,GBUM70903474
94,"My Kink Is Karma","Chappell Roan",76,87,"","","The Rise and Fall of a Midwest Princess",2023-09-21,03:42,56,60,1,0,42,0,10,-6,D,4,2025-10-05,3bFC4mJkgF9HvTU1mncW7x,"Chappell Roan PS/ Island",10B,USUG12302737
95,"Of Moons, Birds & Monsters","MGMT",52,124,"indie","Pop, Rock","Oracular Spectacular",2007-12-14,04:46,60,90,2,1,40,0,0,-4,C♯/D♭ minor,4,2025-10-05,0w8dULoVhTuC8x8m8PKwX7,"Red Ink/Columbia",12A,USSM10702134
96,"Bad Moon Rising","Creedence Clearwater Revival",79,179,"classic rock, southern rock, country rock","Rock, Country","Green River (Expanded Edition)",1969-08-03,02:21,51,77,6,0,94,0,0,-6,D,4,2025-10-05,20OFwXhEXf12DzwXmaV7fj,"Craft Recordings",10B,USC4R0817604
97,"King Of The World","Young Rising Sons",43,123,"folk pop","Folk, Pop","Young Rising Sons",2014-07-08,03:24,60,90,5,0,57,10,10,-5,G,4,2025-10-05,4GuzyfGbR2y4L65ONTw1dk,"UMGRI Interscope",9B,USUM71409764
98,"Funeral For A Friend / Love Lies Bleeding - Remastered 2014","Elton John",50,139,"","","Goodbye Yellow Brick Road (Remastered)",1973-10-05,11:06,40,76,2,17,20,0,20,-9,A minor,4,2025-10-05,5NERbS7923kF471NLKDZkB,"UMC (Universal Music Catalogue)",8A,GBUM71304953
99,"It's Only Wednesday","Crash Kings",32,179,"","","Crash Kings",2009-01-01,03:04,40,78,4,0,56,0,10,-4,C♯/D♭,4,2025-10-05,26MEeaO5tkVJmOG7ZVgVap,"Custard/Universal Motown Records",3B,USUM70962243
100,"Thought Contagion","Muse",56,140,"alternative rock, rock","Rock","Simulation Theory (Super Deluxe)",2018-11-09,03:26,48,76,0,0,38,0,0,-4,F,4,2025-10-05,57lCa95tmjJ8EYdNTex8Kk,"Warner Records",7B,GBAHT1800045
101,"Cemetery Drive","My Chemical Romance",67,116,"emo, pop punk","Rock, Pop","Three Cheers for Sweet Revenge",2004-06-08,03:08,55,89,0,0,66,0,0,-5,C♯/D♭ minor,4,2025-10-05,2cViIXIe8Pbd1sOJExMJlK,"Reprise",12A,USRE10400667
102,"Bat Out of Hell","Meat Loaf",60,172,"","","Bat Out Of Hell",1977-10-21,09:50,20,84,28,0,39,0,20,-8,F,4,2025-10-05,3mCeeoBvTTpg8Xy2Wuvirw,"Cleveland International/ Epic/Legacy",7B,USSM11206824
103,"Not Today","Twenty One Pilots",62,115,"","","Blurryface",2015-05-15,03:58,77,71,6,0,53,0,10,-5,D,4,2025-10-05,7qxjGHW485TL8ciwkHD5MK,"Fueled By Ramen",10B,USAT21500606
104,"Second Boys Will Be First Choice (Radio Version)","The Brobecks",40,100,"","","Violent Things",2009-04-25,03:15,52,86,2,0,46,0,30,-7,C♯/D♭ minor,4,2025-10-05,7tOjifyNGd0iHaNrsPHaSD,"None, You Jerk",12A,USTC90933483
105,"Song 2 - 2012 Remaster","Blur",79,130,"britpop, madchester, alternative rock","Rock, Pop","Blur (Special Edition)",1997-02-10,02:01,67,79,0,1,92,0,0,-7,G#/A♭,4,2025-10-05,1FTSo4v6BOZH9QxKc3MbVM,"Parlophone UK",4B,GBAYE1200348
106,"Hitchin' a Ride","Green Day",62,164,"punk, pop punk","Pop, Rock","Nimrod",1997-10-14,02:51,42,92,0,1,68,10,10,-5,A,4,2025-10-05,6WlmA3HPHuNIR2mxI8LkZF,"Reprise",11B,USRE19700487
107,"Blonde","Waterparks",44,137,"pop punk","Pop, Rock","Entertainment",2018-01-26,03:20,58,93,1,0,54,10,0,-4,G,4,2025-10-05,6Donz2zn7kxsRyA7g5l158,"Equal Vision Records",9B,US3X51739602
108,"Time And Fallen Leaves","AKMU",45,97,"k-ballad, k-pop","Pop","Time And Fallen Leaves",2014-10-10,04:07,36,23,83,0,12,0,10,-9,A,4,2025-10-05,5Qy4FxZ6FtNwWmRaLi6Fcu,"YG Entertainment",11B,KRA401400114
109,"All Too Well (10 Minute Version) (Taylor's Version) (From The Vault)","Taylor Swift",81,93,"","","Red (Taylor's Version)",2021-11-12,10:13,63,52,27,0,21,0,0,-9,C,4,2025-10-05,5enxwA8aAbwZbf5qCHORXi,"Taylor Swift",8B,USUG12103690
110,"Everlong","Foo Fighters",84,158,"rock, post-grunge, alternative rock, grunge","Rock","The Colour And The Shape",1997-05-20,04:10,41,88,0,0,36,0,0,-6,B minor,4,2025-10-05,5UWwZ5lm5PKu6eKsHAGxOk,"RCA Records Label",10A,USRW29600011
111,"Disenchanted","My Chemical Romance",74,174,"emo, pop punk","Rock, Pop","The Black Parade",2006-10-20,04:55,34,69,0,0,15,0,10,-4,D,4,2025-10-05,6T7MAQCekVb3UnCykjX3BP,"Reprise",10B,USRE10602913
112,"Don't Try","Gerard Way",49,105,"","","Pinkish / Don't Try",2016-04-16,05:06,43,88,0,14,12,0,10,-3,E,4,2025-10-05,28u3vSLy2OyVsZOlIAR6ba,"Reprise",12B,USRE11700605
113,"eight(Prod.&Feat. SUGA of BTS)","IU, SUGA",66,120,"k-pop, k-ballad","Pop","eight",2020-05-06,02:47,68,87,12,0,59,0,10,-2,C♯/D♭,4,2025-10-05,0pYacDCZuRhcrwGUA5nTBe,"EDAM Entertainment",3B,KRA382001418
114,"Underdog","You Me At Six",52,156,"pop punk","Pop, Rock","Hold Me Down",2010-01-01,02:23,38,96,0,0,79,0,0,-4,C♯/D♭,4,2025-10-05,4GMCZUi6cVQJ5wPWwJ36rW,"Virgin Records",3B,GBAAA0900856
115,"Karma Police","Radiohead",81,75,"art rock, alternative rock","Rock","OK Computer",1997-05-28,04:24,36,50,6,0,32,0,10,-9,G,4,2025-10-05,63OQupATfueTdZMWTxW03A,"XL Recordings",9B,GBAYE9701368
116,"Iris","The Goo Goo Dolls",92,156,"","","Dizzy up the Girl",1998-00-00,04:49,32,72,0,0,50,0,0,-8,B minor,3,2025-10-05,6Qyc6fS4DsZjB2mRW9DsQs,"Warner Records",10A,USWB19800160
117,"Sweater Weather","The Neighbourhood",91,124,"","","I Love You.",2013-04-22,04:00,61,81,5,2,40,0,10,-3,A#/B♭,4,2025-10-05,2QjOHCTQ1Jl3zawyYOpxh6,"Columbia",6B,USSM11300080
118,"Flathead","The Fratellis",42,105,"","","Costello Music",2007-01-01,03:17,60,95,1,0,29,10,30,-5,C,4,2025-10-05,5t1Eqjxu93ub0LiTgxZQOB,"Interscope",8B,GBUM70601746
119,"Miles and States","Abandoning Sunday",28,167,"","","Forget",2012-01-17,04:12,42,94,0,0,53,0,10,-4,A,4,2025-10-05,2mSToRZIaYIw1va4PHtWKq,"Abandoning Sunday",11B,TCABD1221519
120,"VOICE","TAEYEON",39,160,"k-pop, k-ballad","Pop","VOICE",2019-05-13,03:11,51,82,22,0,64,0,20,-4,D,4,2025-10-05,1esVK0wgkpFJ31eHvHZ7M9,"SM Entertainment",10B,JPPO01901725
121,"Angel With A Shotgun","The Cab",41,124,"","","Symphony Soldier",2011-00-00,03:41,55,84,1,0,40,0,30,-5,D,4,2025-10-05,49rpdsNYJirTTf6p6mMvag,"Republic Records",10B,USUM71300669
122,"Holiday / Boulevard of Broken Dreams","Green Day",72,167,"punk, pop punk","Pop, Rock","American Idiot",2004-09-21,08:13,29,83,0,0,45,0,30,-3,G#/A♭,4,2025-10-05,0MsrWnxQZxPAcov7c74sSo,"Reprise",4B,USRE10401218
123,"Lost It To Trying","Son Lux",0,160,"","","Lanterns",2013-10-29,04:42,44,83,8,4,27,0,0,-7,E minor,4,2025-10-05,3u0YrIxyHwmJjxMuYJocsf,"This Is Meru",9A,USJZA1312602
124,"Without You (Feat. ROSE)","G-DRAGON, ROSÉ",66,124,"k-pop, k-rap","Pop, Hip Hop","One of a Kind",2012-09-15,04:02,60,68,3,0,33,0,30,-7,B,4,2025-10-05,3V375E3xldRPEEcIKiw83l,"YG Entertainment",1B,KRA341211594
125,"I Don't Wanna Be In Love (Dance Floor Anthem)","Good Charlotte",62,125,"pop punk, punk, emo","Rock, Pop","Good Morning Revival",2007-03-27,04:04,64,88,2,0,57,0,10,-3,F#/G♭,4,2025-10-05,36UVZPoK8a1Oxh13cY8kOp,"Epic/Daylight",2B,USSM10607447
126,"City Walls","Twenty One Pilots",81,94,"","","Breach",2025-09-12,05:22,55,86,1,0,27,0,30,-5,B minor,4,2025-10-05,0Ji9UonfwC90rbZ4IaQhOb,"Fueled By Ramen",10A,USAT22505499
127,"Pet Cheetah","Twenty One Pilots",63,110,"","","Trench",2018-10-05,03:18,65,68,6,0,36,20,20,-7,G minor,4,2025-10-05,7daBwTiPNOVgoMUG4SICgh,"Fueled By Ramen",6A,USAT21810693
128,"It's Almost Halloween","Jon Walker",23,97,"","","It's Almost Halloween",2020-10-22,03:56,50,40,30,1,15,0,0,-9,A minor,4,2025-10-05,2MSlZoJJfeR2kZGVVn51OM,"Jon Walker Music",8A,QZNWQ2014195
129,"Only Happy When It Rains","Garbage",45,121,"","","Garbage (20th Anniversary Edition/Remastered)",1995-00-00,03:56,51,83,0,0,49,0,20,-5,C♯/D♭ minor,4,2025-10-06,7qLrnU1nFhi41t1HcC7bkD,"Almo Sounds",12A,USGF19500403
130,"Diazepam","Turnover",48,110,"midwest emo, dream pop, pop punk","Pop, Rock","Peripheral Vision",2015-09-04,03:19,63,68,46,0,28,0,0,-8,G,4,2025-10-06,6tglZj0JTKa8jQM2JjdkNr,"Run For Cover Records",9B,QMCE71300250
131,"Sleep","My Chemical Romance",63,156,"emo, pop punk","Rock, Pop","The Black Parade",2006-10-20,04:43,19,95,0,0,15,20,30,-4,C,4,2025-10-06,2pONuBYwWrNm9jcJH6hmPc,"Reprise",8B,USRE10602911
132,"Spaceman","The Killers",63,152,"alternative rock","Rock","Day & Age (Bonus Tracks)",2008-11-18,04:44,53,90,0,0,80,0,10,-5,E,4,2025-10-06,1A8SxnqRK3qabmuN2qxIpa,"Island Records",12B,USUM70842814
133,"Brighton Rock - Remastered 2011","Queen",30,138,"classic rock, rock, glam rock","Rock","Sheer Heart Attack",1974-11-08,05:10,35,84,36,1,35,30,70,-9,B minor,4,2025-10-06,4NnBKv54Vdd2BzD54vVNci,"Hollywood Records",10A,GBUM71100517
134,"Fuckin With My Head (Mountain Dew Rock)","Beck",38,82,"anti-folk","Folk","Mellow Gold",1994-03-01,03:39,66,81,1,5,59,20,20,-8,G,4,2025-10-06,69Om1tpdp5JxrtgqKqdiAY,"DGC",9B,USGF19463403
135,"The Stranger","Billy Joel",51,92,"soft rock","Rock","The Stranger",1977-09-29,05:10,66,88,17,0,22,0,0,-7,E minor,4,2025-10-06,6ByRaaLxtbMFyIzQob2nDT,"Columbia",9A,USSM17700370
136,"Mardy Bum","Arctic Monkeys",0,112,"indie, garage rock","Rock, Pop","Whatever People Say I Am, That's What I'm Not",2006-02-21,02:55,63,60,3,0,31,0,20,-5,D,4,2025-10-06,3geFzA6VBSNZUTmV3bCry6,"Domino Recording Co",10B,GBCEL0501188
137,"Walk This Way","Aerosmith",5,109,"classic rock, rock","Rock","Toys In The Attic",1975-04-08,03:40,65,73,1,0,89,0,0,-11,F,4,2025-10-06,5SZ6zX4rOrEQferfFC2MfP,"Columbia",7B,USSM19906481
138,"Feeling Sorry","Paramore",52,196,"pop punk, emo","Rock, Pop","Brand New Eyes",2009-09-25,03:05,40,93,0,0,65,0,0,-4,C♯/D♭ minor,3,2025-10-06,2F9JloTNvfkIvwXJP0bZUO,"Fueled By Ramen",12A,USAT20902324
139,"Take Back The Power","The Interrupters",55,185,"ska punk, ska, punk, skate punk","Rock, Reggae","The Interrupters (Deluxe Edition)",2014-08-05,03:20,38,97,14,0,68,10,10,0,B,4,2025-10-06,6aPyTOZZheIVT5q1TVlRYD,"Hellcat/Epitaph",1B,USHEL1401001
140,"Two Princes","Spin Doctors",72,104,"","","Pocket Full Of Kryptonite (Anniversary Edition)",1991-00-00,04:16,54,91,0,0,83,0,0,-11,G,4,2025-10-06,0cuq829zRNq4AEdmDJA4aw,"Epic/Legacy",9B,USSM19000350
141,"That Green Gentleman (Things Have Changed)","Panic! At The Disco",51,96,"emo","Rock","Pretty. Odd.",2008-03-21,03:15,54,80,10,0,40,0,10,-6,A#/B♭,4,2025-10-06,2d1D1E8M48hHE99u6BO8RN,"Decaydance/Fueled By Ramen/ATL",6B,USAT20801308
142,"Nobody Puts Baby In The Corner","Fall Out Boy",56,102,"emo, pop punk","Rock, Pop","From Under The Cork Tree",2005-05-03,03:20,53,94,0,0,65,0,30,-4,C,4,2025-10-06,6HJzCcSMggn7Ultxs48dAe,"Island Records",8B,USIR20500327
143,"Misery Business","Paramore",76,173,"pop punk, emo","Rock, Pop","Riot!",2007-06-12,03:31,52,91,0,0,73,0,10,-4,C♯/D♭,4,2025-10-06,6SpLc7EXZIPpy0sVko0aoU,"Fueled By Ramen",3B,USAT20702617
144,"Holland, 1945","Neutral Milk Hotel",54,198,"anti-folk, folk punk","Folk, Rock","In the Aeroplane Over the Sea",1998-02-20,03:12,6,89,4,0,48,0,60,-4,G,4,2025-10-06,64DpBZj4IlDFzCwxTq7azl,"Merge Records",9B,USMRG0316020
145,"My Tears Are Becoming A Sea","M83",61,49,"","","Hurry Up, We're Dreaming",2011-00-00,02:31,19,38,11,39,7,0,50,-11,E,3,2025-10-06,1Fwj0wThn3kTg8D7KgWdsU,"Mute",12B,GB55H1100012
146,"Actually Romantic","Taylor Swift",93,170,"","","The Life of a Showgirl",2025-10-03,02:43,71,43,50,0,72,10,10,-8,C♯/D♭ minor,4,2025-10-06,2x3mwb96B6TquRqMtbxUE1,"Taylor Swift",12A,USUG12506442
147,"Should I Stay","GABRIELLE",36,140,"uk garage","Electronic","Rise",2001-01-01,03:55,57,62,55,0,24,0,0,-9,F,4,2025-10-06,4tCxd0Cw3YXTKwMBmYZQdc,"Universal-Island Records Ltd.",7B,GBARA9900031
148,"Light On","Maggie Rogers",70,102,"","","Heard It In A Past Life",2019-01-18,03:53,66,57,20,0,40,0,10,-6,D,4,2025-10-06,6UnCGAEmrbGIOSmGRZQ1M2,"Capitol Records",10B,USUG11801654
149,"As If It's Your Last","BLACKPINK",76,125,"k-pop","Pop","As If It's Your Last",2017-06-22,03:33,79,85,7,0,46,0,0,-3,G#/A♭,4,2025-10-06,4ZxOuNHhpyOj4gv52MtQpT,"YG Entertainment",4B,KRA401700174
150,"bury a friend","Billie Eilish",74,120,"","","WHEN WE ALL FALL ASLEEP, WHERE DO WE GO?",2019-03-29,03:13,91,39,74,16,20,30,10,-15,G#/A♭,4,2025-10-06,4SSnFejRGlZikf02HLewEF,"Darkroom/Interscope Records",4B,USUM71900770
151,"Wake Up","Arcade Fire",62,139,"indie rock, baroque pop","Classical, Pop, Rock","Funeral",2004-06-16,05:35,25,80,12,5,29,0,10,-5,C,4,2025-10-06,6Hmj7SrLRbreLVfVS7mV1S,"Sony Music CG",8B,USMRG0467008
152,"It's Not a Fashion Statement, It's a Deathwish","My Chemical Romance",62,105,"emo, pop punk","Rock, Pop","Three Cheers for Sweet Revenge",2004-06-08,03:30,35,95,0,0,48,0,30,-4,C♯/D♭ minor,4,2025-10-06,4fGIqy3bvjX0jz1SJHqjjo,"Reprise",12A,USRE10400666
153,"Lovers in Japan","Coldplay",52,118,"","","Viva La Vida or Death and All His Friends",2008-06-06,06:51,20,73,4,70,7,0,20,-8,G,4,2025-10-06,5qPGi9p8VqcizfdgWxtmLt,"Parlophone UK",9B,GBAYE0800256